<?xml version="1.0" encoding="UTF-8" ?>
<odoo>

    <record id="view_employee_classera_form_worker" model="ir.ui.view">
            <field name="name">Employee Classera ID</field>
            <field name="model">hr.employee</field>
            <field name="inherit_id" ref="hr.view_employee_form" />
            <field name="arch" type="xml">
               <xpath expr="//field[@name='user_id']" position="after">
                   <field name="classera_id"/>
               </xpath>
            </field>
    </record>

</odoo>