<?xml version="1.0" encoding="UTF-8"?>
<odoo>

    <!--    Add Language Records For ar_EG    -->
    <record id="100" model="res.lang">
        <field name="name">Arabic / الْعَرَبيّة المصرية</field>
        <field name="code">ar_EG</field>
        <field name="iso_code">ar_EG</field>
        <field name="translatable">true</field>
        <field name="direction">rtl</field>
        <field name="grouping">[3,0]</field>
        <field name="decimal_point">.</field>
        <field name="thousands_sep">,</field>
        <field name="date_format">%d %b, %Y</field>
        <field name="time_format">%I:%M:%S</field>
        <field name="week_start">6</field>
        <field name="active">true</field>
    </record>

    <!--    Add Language Records For ar_SR    -->
    <record id="101" model="res.lang">
        <field name="name">Arabic / الْعَرَبيّة السعودية</field>
        <field name="code">ar_SR</field>
        <field name="iso_code">ar_SR</field>
        <field name="translatable">true</field>
        <field name="direction">rtl</field>
        <field name="grouping">[3,0]</field>
        <field name="decimal_point">.</field>
        <field name="thousands_sep">,</field>
        <field name="date_format">%d %b, %Y</field>
        <field name="time_format">%I:%M:%S</field>
        <field name="week_start">6</field>
        <field name="active">true</field>
    </record>
</odoo>